12,t,t,2,2025-12-12,2025-04-06 16:17:44
12,test,test,6,2025-12-12,2025-04-06 16:23:25
12,test,test,4,2025-12-12,2025-04-06 16:24:09
233,this is working!!!!!!!,yasssss,45,2025-12-12,2025-04-06 16:26:30
122,test,test,3,2025-12-12,2025-04-06 16:49:57
1234,test,test,23,2025-12-12,2025-04-06 16:50:27
123,test,test,4,2025-12-12,2025-04-06 16:56:21
1234,test,test,5,2025-12-12,2025-04-06 17:07:37
123,test,test,3,2025-12-12,2025-04-06 17:07:58
123,test,test,3,2025-12-12,2025-04-06 19:44:14
132,test,test,12,2025-12-12,2025-04-06 19:44:35
69,test,test,23,2025-12-12,2025-04-06 19:50:52
123,test,test,34,2025-12-12,2025-04-06 19:54:40
123,test,test,43,2025-12-12,2025-04-06 19:56:26
123,test,test,32,2025-12-12,2025-04-06 19:57:27
